
############ TABELA DE TOKENS ############
Token; Lexema; Descrição
< Comentário , /* Analisador Léxico */ >;	 //;	 Comentário
< Comentário , // Teste Code 1 >;	 //;	 Comentário
< var , >;	 var;	 Palavra Reservada
<Identificador, and>;	 and;	 Identificador
< = , >;	 =;	 Atribuição
< true , >;	 true;	 Palavra Reservada
< && , >;	 &&;	 Operador
< ! , >;	 !;	 Operador
<Identificador, teste>;	 teste;	 Identificador
< ; , >;	 ;;	 Terminador
< let , >;	 let;	 Palavra Reservada
<Identificador, or>;	 or;	 Identificador
< = , >;	 =;	 Atribuição
< false , >;	 false;	 Palavra Reservada
< || , >;	 ||;	 Operador
<Identificador, teste>;	 teste;	 Identificador
< ; , >;	 ;;	 Terminador
< let , >;	 let;	 Palavra Reservada
<Identificador, numInt>;	 numInt;	 Identificador
< = , >;	 =;	 Atribuição
<Constante Numérica, 1000000000>;	 1000000000;	 Constante Numérica
< ; , >;	 ;;	 Terminador
< let , >;	 let;	 Palavra Reservada
<Identificador, numFloat>;	 numFloat;	 Identificador
< = , >;	 =;	 Atribuição
<Constante Numérica, 55.99>;	 55.99;	 Constante Numérica
< ; , >;	 ;;	 Terminador
<Identificador, numInt>;	 numInt;	 Identificador
< ++ , >;	 ++;	 Operador
< ; , >;	 ;;	 Terminador
<Identificador, numInt>;	 numInt;	 Identificador
< -- , >;	 --;	 Operador
< ; , >;	 ;;	 Terminador
<Identificador, numFloat>;	 numFloat;	 Identificador
< += , >;	 +=;	 Operador
<Constante Numérica, 5>;	 5;	 Constante Numérica
< ; , >;	 ;;	 Terminador
<Identificador, numFloat>;	 numFloat;	 Identificador
< -= , >;	 -=;	 Operador
<Constante Numérica, 10>;	 10;	 Constante Numérica
< ; , >;	 ;;	 Terminador
< if , >;	 if;	 Palavra Reservada
< ( , >;	 (;	 Terminador
<Identificador, numFloat>;	 numFloat;	 Identificador
< >= , >;	 >=;	 Operador
<Identificador, numInt>;	 numInt;	 Identificador
< ) , >;	 );	 Terminador
< { , >;	 {;	 Terminador
<Identificador, console.log>;	 console.log;	 Identificador
< ( , >;	 (;	 Terminador
<Constante Literal, "Teste 'string'">;	 "Teste 'string'";	 Constante Literal
< ) , >;	 );	 Terminador
< ; , >;	 ;;	 Terminador
< } , >;	 };	 Terminador
< else , >;	 else;	 Palavra Reservada
< if , >;	 if;	 Palavra Reservada
< ( , >;	 (;	 Terminador
<Identificador, numFloat>;	 numFloat;	 Identificador
< == , >;	 ==;	 Operador
<Identificador, numInt>;	 numInt;	 Identificador
< ) , >;	 );	 Terminador
< { , >;	 {;	 Terminador
<Identificador, console.log>;	 console.log;	 Identificador
< ( , >;	 (;	 Terminador
<Constante Literal, 'Teste "string"'>;	 'Teste "string"';	 Constante Literal
< ) , >;	 );	 Terminador
< ; , >;	 ;;	 Terminador
< } , >;	 };	 Terminador
< else , >;	 else;	 Palavra Reservada
< { , >;	 {;	 Terminador
<Identificador, console.log>;	 console.log;	 Identificador
< ( , >;	 (;	 Terminador
<Constante Literal, "Barra invertida \\ \" \'">;	 "Barra invertida \\ \" \'";	 Constante Literal
< ) , >;	 );	 Terminador
< ; , >;	 ;;	 Terminador
< } , >;	 };	 Terminador
< Comentário , // Teste Code 2 >;	 //;	 Comentário
< for , >;	 for;	 Palavra Reservada
< ( , >;	 (;	 Terminador
<Identificador, j>;	 j;	 Identificador
< = , >;	 =;	 Atribuição
<Constante Numérica, 0>;	 0;	 Constante Numérica
< ; , >;	 ;;	 Terminador
<Identificador, j>;	 j;	 Identificador
< < , >;	 <;	 Operador
<Constante Numérica, 1>;	 1;	 Constante Numérica
< ; , >;	 ;;	 Terminador
<Identificador, j>;	 j;	 Identificador
< ++ , >;	 ++;	 Operador
< ) , >;	 );	 Terminador
< { , >;	 {;	 Terminador
<Identificador, x>;	 x;	 Identificador
< = , >;	 =;	 Atribuição
< [ , >;	 [;	 Terminador
<Constante Numérica, 1>;	 1;	 Constante Numérica
< , , >;	 ,;	 Separador
<Constante Numérica, 2>;	 2;	 Constante Numérica
< , , >;	 ,;	 Separador
<Constante Numérica, 3>;	 3;	 Constante Numérica
< ] , >;	 ];	 Terminador
< ; , >;	 ;;	 Terminador
< } , >;	 };	 Terminador
< while , >;	 while;	 Palavra Reservada
< ( , >;	 (;	 Terminador
<Identificador, numFloat>;	 numFloat;	 Identificador
< > , >;	 >;	 Operador
<Identificador, numInt>;	 numInt;	 Identificador
< ) , >;	 );	 Terminador
< { , >;	 {;	 Terminador
<Identificador, xy>;	 xy;	 Identificador
< = , >;	 =;	 Atribuição
< [ , >;	 [;	 Terminador
< [ , >;	 [;	 Terminador
<Constante Numérica, 1>;	 1;	 Constante Numérica
< ] , >;	 ];	 Terminador
< , , >;	 ,;	 Separador
< [ , >;	 [;	 Terminador
<Constante Numérica, 2>;	 2;	 Constante Numérica
< ] , >;	 ];	 Terminador
< , , >;	 ,;	 Separador
< [ , >;	 [;	 Terminador
<Constante Numérica, 3>;	 3;	 Constante Numérica
< ] , >;	 ];	 Terminador
< ] , >;	 ];	 Terminador
< ; , >;	 ;;	 Terminador
< } , >;	 };	 Terminador
< do , >;	 do;	 Palavra Reservada
< { , >;	 {;	 Terminador
<Identificador, numFloat>;	 numFloat;	 Identificador
< += , >;	 +=;	 Operador
<Constante Numérica, 5>;	 5;	 Constante Numérica
< ; , >;	 ;;	 Terminador
< } , >;	 };	 Terminador
< while , >;	 while;	 Palavra Reservada
< ( , >;	 (;	 Terminador
<Identificador, numFloat>;	 numFloat;	 Identificador
< < , >;	 <;	 Operador
<Identificador, numInt>;	 numInt;	 Identificador
< ) , >;	 );	 Terminador
< ; , >;	 ;;	 Terminador
< switch , >;	 switch;	 Palavra Reservada
< ( , >;	 (;	 Terminador
<Identificador, numFloat>;	 numFloat;	 Identificador
< ) , >;	 );	 Terminador
< { , >;	 {;	 Terminador
< case , >;	 case;	 Palavra Reservada
<Constante Literal, 'a'>;	 'a';	 Constante Literal
< : , >;	 :;	 Operador
< break , >;	 break;	 Palavra Reservada
< ; , >;	 ;;	 Terminador
< default , >;	 default;	 Palavra Reservada
< : , >;	 :;	 Operador
< continue , >;	 continue;	 Palavra Reservada
< ; , >;	 ;;	 Terminador
< } , >;	 };	 Terminador
< Comentário , // Teste Code 3 >;	 //;	 Comentário
< try , >;	 try;	 Palavra Reservada
< { , >;	 {;	 Terminador
<Identificador, numFloat>;	 numFloat;	 Identificador
< -= , >;	 -=;	 Operador
<Constante Numérica, 10>;	 10;	 Constante Numérica
< ; , >;	 ;;	 Terminador
< } , >;	 };	 Terminador
< catch , >;	 catch;	 Palavra Reservada
< ( , >;	 (;	 Terminador
<Identificador, ae>;	 ae;	 Identificador
< ) , >;	 );	 Terminador
< { , >;	 {;	 Terminador
<Identificador, console.log>;	 console.log;	 Identificador
< ( , >;	 (;	 Terminador
<Constante Literal, "ok">;	 "ok";	 Constante Literal
< ) , >;	 );	 Terminador
< ; , >;	 ;;	 Terminador
< } , >;	 };	 Terminador
< finally , >;	 finally;	 Palavra Reservada
< { , >;	 {;	 Terminador
<Identificador, console.log>;	 console.log;	 Identificador
< ( , >;	 (;	 Terminador
<Constante Literal, "ok">;	 "ok";	 Constante Literal
< ) , >;	 );	 Terminador
< ; , >;	 ;;	 Terminador
< } , >;	 };	 Terminador
< function , >;	 function;	 Palavra Reservada
<Identificador, testando>;	 testando;	 Identificador
< ( , >;	 (;	 Terminador
< ) , >;	 );	 Terminador
< { , >;	 {;	 Terminador
< if , >;	 if;	 Palavra Reservada
< ( , >;	 (;	 Terminador
<Identificador, numFloat>;	 numFloat;	 Identificador
< >= , >;	 >=;	 Operador
<Identificador, numInt>;	 numInt;	 Identificador
< ) , >;	 );	 Terminador
< { , >;	 {;	 Terminador
< for , >;	 for;	 Palavra Reservada
< ( , >;	 (;	 Terminador
<Identificador, j>;	 j;	 Identificador
< = , >;	 =;	 Atribuição
<Constante Numérica, 0>;	 0;	 Constante Numérica
< ; , >;	 ;;	 Terminador
<Identificador, j>;	 j;	 Identificador
< < , >;	 <;	 Operador
<Constante Numérica, 1>;	 1;	 Constante Numérica
< ; , >;	 ;;	 Terminador
<Identificador, j>;	 j;	 Identificador
< ++ , >;	 ++;	 Operador
< ) , >;	 );	 Terminador
< { , >;	 {;	 Terminador
< while , >;	 while;	 Palavra Reservada
< ( , >;	 (;	 Terminador
<Identificador, numFloat>;	 numFloat;	 Identificador
< > , >;	 >;	 Operador
<Identificador, numInt>;	 numInt;	 Identificador
< ) , >;	 );	 Terminador
< { , >;	 {;	 Terminador
<Identificador, xy>;	 xy;	 Identificador
< = , >;	 =;	 Atribuição
< [ , >;	 [;	 Terminador
< [ , >;	 [;	 Terminador
<Constante Numérica, 1>;	 1;	 Constante Numérica
< ] , >;	 ];	 Terminador
< , , >;	 ,;	 Separador
< [ , >;	 [;	 Terminador
<Constante Numérica, 2>;	 2;	 Constante Numérica
< ] , >;	 ];	 Terminador
< , , >;	 ,;	 Separador
< [ , >;	 [;	 Terminador
<Constante Numérica, 3>;	 3;	 Constante Numérica
< ] , >;	 ];	 Terminador
< ] , >;	 ];	 Terminador
< ; , >;	 ;;	 Terminador
< } , >;	 };	 Terminador
< } , >;	 };	 Terminador
< } , >;	 };	 Terminador
< return , >;	 return;	 Palavra Reservada
< true , >;	 true;	 Palavra Reservada
< ; , >;	 ;;	 Terminador
< } , >;	 };	 Terminador
